benchmark_code,benchmark_name,date,nav
NIFTY50,NIFTY 50,2023-01-02,99.8559
NIFTY50,NIFTY 50,2023-01-03,100.2483
NIFTY50,NIFTY 50,2023-01-04,100.1247
NIFTY50,NIFTY 50,2023-01-05,99.939
NIFTY50,NIFTY 50,2023-01-06,99.3233
NIFTY50,NIFTY 50,2023-01-09,99.2098
NIFTY50,NIFTY 50,2023-01-10,100.0167
NIFTY50,NIFTY 50,2023-01-11,100.3487
NIFTY50,NIFTY 50,2023-01-12,101.1121
NIFTY50,NIFTY 50,2023-01-13,101.3237
NIFTY50,NIFTY 50,2023-01-16,101.6392
NIFTY50,NIFTY 50,2023-01-17,101.8066
NIFTY50,NIFTY 50,2023-01-18,100.6549
NIFTY50,NIFTY 50,2023-01-19,101.2927
NIFTY50,NIFTY 50,2023-01-20,101.6872
NIFTY50,NIFTY 50,2023-01-23,102.0779
NIFTY50,NIFTY 50,2023-01-24,100.9051
NIFTY50,NIFTY 50,2023-01-25,99.7086
NIFTY50,NIFTY 50,2023-01-26,99.1226
NIFTY50,NIFTY 50,2023-01-27,98.8324
NIFTY50,NIFTY 50,2023-01-30,99.0783
NIFTY50,NIFTY 50,2023-01-31,99.0812
NIFTY50,NIFTY 50,2023-02-01,99.4772
NIFTY50,NIFTY 50,2023-02-02,99.0648
NIFTY50,NIFTY 50,2023-02-03,99.3135
NIFTY50,NIFTY 50,2023-02-06,99.6223
NIFTY50,NIFTY 50,2023-02-07,99.1961
NIFTY50,NIFTY 50,2023-02-08,100.4234
NIFTY50,NIFTY 50,2023-02-09,100.8499
NIFTY50,NIFTY 50,2023-02-10,101.7302
NIFTY50,NIFTY 50,2023-02-13,101.324
NIFTY50,NIFTY 50,2023-02-14,100.835
NIFTY50,NIFTY 50,2023-02-15,100.6274
NIFTY50,NIFTY 50,2023-02-16,100.5877
NIFTY50,NIFTY 50,2023-02-17,101.068
NIFTY50,NIFTY 50,2023-02-20,101.2791
NIFTY50,NIFTY 50,2023-02-21,100.9974
NIFTY50,NIFTY 50,2023-02-22,100.3562
NIFTY50,NIFTY 50,2023-02-23,100.0256
NIFTY50,NIFTY 50,2023-02-24,100.9155
NIFTY50,NIFTY 50,2023-02-27,100.3801
NIFTY50,NIFTY 50,2023-02-28,100.5872
NIFTY50,NIFTY 50,2023-03-01,100.9227
NIFTY50,NIFTY 50,2023-03-02,99.9056
NIFTY50,NIFTY 50,2023-03-03,99.9745
NIFTY50,NIFTY 50,2023-03-06,100.9236
NIFTY50,NIFTY 50,2023-03-07,99.5358
NIFTY50,NIFTY 50,2023-03-08,99.3466
NIFTY50,NIFTY 50,2023-03-09,99.3076
NIFTY50,NIFTY 50,2023-03-10,98.7742
NIFTY50,NIFTY 50,2023-03-13,99.1527
NIFTY50,NIFTY 50,2023-03-14,99.1442
NIFTY50,NIFTY 50,2023-03-15,98.1624
NIFTY50,NIFTY 50,2023-03-16,98.7656
NIFTY50,NIFTY 50,2023-03-17,99.2629
NIFTY50,NIFTY 50,2023-03-20,99.9548
NIFTY50,NIFTY 50,2023-03-21,100.9978
NIFTY50,NIFTY 50,2023-03-22,101.2892
NIFTY50,NIFTY 50,2023-03-23,101.4093
NIFTY50,NIFTY 50,2023-03-24,100.5225
NIFTY50,NIFTY 50,2023-03-27,100.9908
NIFTY50,NIFTY 50,2023-03-28,100.5936
NIFTY50,NIFTY 50,2023-03-29,100.3101
NIFTY50,NIFTY 50,2023-03-30,99.4571
NIFTY50,NIFTY 50,2023-03-31,98.8182
NIFTY50,NIFTY 50,2023-04-03,98.4854
NIFTY50,NIFTY 50,2023-04-04,99.4084
NIFTY50,NIFTY 50,2023-04-05,98.0294
NIFTY50,NIFTY 50,2023-04-06,97.0634
NIFTY50,NIFTY 50,2023-04-07,97.26
NIFTY50,NIFTY 50,2023-04-10,98.2767
NIFTY50,NIFTY 50,2023-04-11,98.7091
NIFTY50,NIFTY 50,2023-04-12,97.4308
NIFTY50,NIFTY 50,2023-04-13,95.7474
NIFTY50,NIFTY 50,2023-04-14,96.0205
NIFTY50,NIFTY 50,2023-04-17,95.5592
NIFTY50,NIFTY 50,2023-04-18,94.8436
NIFTY50,NIFTY 50,2023-04-19,95.5257
NIFTY50,NIFTY 50,2023-04-20,96.2959
NIFTY50,NIFTY 50,2023-04-21,96.4356
NIFTY50,NIFTY 50,2023-04-24,96.6353
NIFTY50,NIFTY 50,2023-04-25,96.9629
NIFTY50,NIFTY 50,2023-04-26,98.0788
NIFTY50,NIFTY 50,2023-04-27,98.5381
NIFTY50,NIFTY 50,2023-04-28,98.9303
NIFTY50,NIFTY 50,2023-05-01,99.3443
NIFTY50,NIFTY 50,2023-05-02,98.2884
NIFTY50,NIFTY 50,2023-05-03,99.2047
NIFTY50,NIFTY 50,2023-05-04,99.9026
NIFTY50,NIFTY 50,2023-05-05,100.308
NIFTY50,NIFTY 50,2023-05-08,98.9571
NIFTY50,NIFTY 50,2023-05-09,98.5528
NIFTY50,NIFTY 50,2023-05-10,99.1684
NIFTY50,NIFTY 50,2023-05-11,97.9458
NIFTY50,NIFTY 50,2023-05-12,97.8539
NIFTY50,NIFTY 50,2023-05-15,98.5865
NIFTY50,NIFTY 50,2023-05-16,97.7161
NIFTY50,NIFTY 50,2023-05-17,98.8517
NIFTY50,NIFTY 50,2023-05-18,99.2682
NIFTY50,NIFTY 50,2023-05-19,99.1986
NIFTY50,NIFTY 50,2023-05-22,99.4589
NIFTY50,NIFTY 50,2023-05-23,99.9462
NIFTY50,NIFTY 50,2023-05-24,100.0654
NIFTY50,NIFTY 50,2023-05-25,100.9029
NIFTY50,NIFTY 50,2023-05-26,100.4709
NIFTY50,NIFTY 50,2023-05-29,100.2144
NIFTY50,NIFTY 50,2023-05-30,100.9802
NIFTY50,NIFTY 50,2023-05-31,101.0345
NIFTY50,NIFTY 50,2023-06-01,100.4472
NIFTY50,NIFTY 50,2023-06-02,101.1478
NIFTY50,NIFTY 50,2023-06-05,102.2208
NIFTY50,NIFTY 50,2023-06-06,101.9383
NIFTY50,NIFTY 50,2023-06-07,100.9893
NIFTY50,NIFTY 50,2023-06-08,100.9294
NIFTY50,NIFTY 50,2023-06-09,100.8594
NIFTY50,NIFTY 50,2023-06-12,100.6843
NIFTY50,NIFTY 50,2023-06-13,101.7096
NIFTY50,NIFTY 50,2023-06-14,101.0141
NIFTY50,NIFTY 50,2023-06-15,101.9408
NIFTY50,NIFTY 50,2023-06-16,101.0714
NIFTY50,NIFTY 50,2023-06-19,100.55
NIFTY50,NIFTY 50,2023-06-20,101.0297
NIFTY50,NIFTY 50,2023-06-21,101.8632
NIFTY50,NIFTY 50,2023-06-22,102.5114
NIFTY50,NIFTY 50,2023-06-23,102.795
NIFTY50,NIFTY 50,2023-06-26,102.9334
NIFTY50,NIFTY 50,2023-06-27,103.0793
NIFTY50,NIFTY 50,2023-06-28,103.5305
NIFTY50,NIFTY 50,2023-06-29,103.439
NIFTY50,NIFTY 50,2023-06-30,103.6761
NIFTY50,NIFTY 50,2023-07-03,104.128
NIFTY50,NIFTY 50,2023-07-04,104.1651
NIFTY50,NIFTY 50,2023-07-05,104.7586
NIFTY50,NIFTY 50,2023-07-06,105.2103
NIFTY50,NIFTY 50,2023-07-07,106.7279
NIFTY50,NIFTY 50,2023-07-10,107.008
NIFTY50,NIFTY 50,2023-07-11,106.7251
NIFTY50,NIFTY 50,2023-07-12,106.4842
NIFTY50,NIFTY 50,2023-07-13,106.5117
NIFTY50,NIFTY 50,2023-07-14,107.2377
NIFTY50,NIFTY 50,2023-07-17,107.0226
NIFTY50,NIFTY 50,2023-07-18,107.3491
NIFTY50,NIFTY 50,2023-07-19,108.7673
NIFTY50,NIFTY 50,2023-07-20,106.8527
NIFTY50,NIFTY 50,2023-07-21,106.0494
NIFTY50,NIFTY 50,2023-07-24,106.2676
NIFTY50,NIFTY 50,2023-07-25,106.6011
NIFTY50,NIFTY 50,2023-07-26,106.8164
NIFTY50,NIFTY 50,2023-07-27,106.5315
NIFTY50,NIFTY 50,2023-07-28,107.0573
NIFTY50,NIFTY 50,2023-07-31,107.3062
NIFTY50,NIFTY 50,2023-08-01,106.9516
NIFTY50,NIFTY 50,2023-08-02,108.8083
NIFTY50,NIFTY 50,2023-08-03,109.1169
NIFTY50,NIFTY 50,2023-08-04,108.7318
NIFTY50,NIFTY 50,2023-08-07,108.6941
NIFTY50,NIFTY 50,2023-08-08,108.5605
NIFTY50,NIFTY 50,2023-08-09,108.5508
NIFTY50,NIFTY 50,2023-08-10,106.5159
NIFTY50,NIFTY 50,2023-08-11,106.1901
NIFTY50,NIFTY 50,2023-08-14,106.977
NIFTY50,NIFTY 50,2023-08-15,106.1394
NIFTY50,NIFTY 50,2023-08-16,106.127
NIFTY50,NIFTY 50,2023-08-17,106.8725
NIFTY50,NIFTY 50,2023-08-18,107.5504
NIFTY50,NIFTY 50,2023-08-21,108.7106
NIFTY50,NIFTY 50,2023-08-22,107.4539
NIFTY50,NIFTY 50,2023-08-23,107.2257
NIFTY50,NIFTY 50,2023-08-24,107.0073
NIFTY50,NIFTY 50,2023-08-25,107.5116
NIFTY50,NIFTY 50,2023-08-28,108.3709
NIFTY50,NIFTY 50,2023-08-29,106.3737
NIFTY50,NIFTY 50,2023-08-30,107.2215
NIFTY50,NIFTY 50,2023-08-31,106.1726
NIFTY50,NIFTY 50,2023-09-01,106.7175
NIFTY50,NIFTY 50,2023-09-04,105.6402
NIFTY50,NIFTY 50,2023-09-05,105.8072
NIFTY50,NIFTY 50,2023-09-06,106.7291
NIFTY50,NIFTY 50,2023-09-07,106.6549
NIFTY50,NIFTY 50,2023-09-08,106.8349
NIFTY50,NIFTY 50,2023-09-11,107.4684
NIFTY50,NIFTY 50,2023-09-12,107.6123
NIFTY50,NIFTY 50,2023-09-13,107.5834
NIFTY50,NIFTY 50,2023-09-14,108.7757
NIFTY50,NIFTY 50,2023-09-15,109.6121
NIFTY50,NIFTY 50,2023-09-18,109.425
NIFTY50,NIFTY 50,2023-09-19,111.5662
NIFTY50,NIFTY 50,2023-09-20,110.7096
NIFTY50,NIFTY 50,2023-09-21,111.4571
NIFTY50,NIFTY 50,2023-09-22,111.2888
NIFTY50,NIFTY 50,2023-09-25,111.4309
NIFTY50,NIFTY 50,2023-09-26,112.0198
NIFTY50,NIFTY 50,2023-09-27,112.2333
NIFTY50,NIFTY 50,2023-09-28,112.7743
NIFTY50,NIFTY 50,2023-09-29,111.6081
NIFTY50,NIFTY 50,2023-10-02,110.4678
NIFTY50,NIFTY 50,2023-10-03,110.982
NIFTY50,NIFTY 50,2023-10-04,110.2726
NIFTY50,NIFTY 50,2023-10-05,109.5187
NIFTY50,NIFTY 50,2023-10-06,108.43
NIFTY50,NIFTY 50,2023-10-09,109.4291
NIFTY50,NIFTY 50,2023-10-10,110.0393
NIFTY50,NIFTY 50,2023-10-11,111.2125
NIFTY50,NIFTY 50,2023-10-12,110.5214
NIFTY50,NIFTY 50,2023-10-13,110.5608
NIFTY50,NIFTY 50,2023-10-16,109.717
NIFTY50,NIFTY 50,2023-10-17,110.3438
NIFTY50,NIFTY 50,2023-10-18,111.6101
NIFTY50,NIFTY 50,2023-10-19,110.9536
NIFTY50,NIFTY 50,2023-10-20,112.2043
NIFTY50,NIFTY 50,2023-10-23,113.0196
NIFTY50,NIFTY 50,2023-10-24,112.9185
NIFTY50,NIFTY 50,2023-10-25,111.3993
NIFTY50,NIFTY 50,2023-10-26,112.5352
NIFTY50,NIFTY 50,2023-10-27,112.4987
NIFTY50,NIFTY 50,2023-10-30,112.0634
NIFTY50,NIFTY 50,2023-10-31,112.4161
NIFTY50,NIFTY 50,2023-11-01,112.778
NIFTY50,NIFTY 50,2023-11-02,114.0002
NIFTY50,NIFTY 50,2023-11-03,113.226
NIFTY50,NIFTY 50,2023-11-06,114.1662
NIFTY50,NIFTY 50,2023-11-07,115.3948
NIFTY50,NIFTY 50,2023-11-08,116.6082
NIFTY50,NIFTY 50,2023-11-09,116.5016
NIFTY50,NIFTY 50,2023-11-10,115.9356
NIFTY50,NIFTY 50,2023-11-13,116.8028
NIFTY50,NIFTY 50,2023-11-14,116.9379
NIFTY50,NIFTY 50,2023-11-15,117.0805
NIFTY50,NIFTY 50,2023-11-16,118.2887
NIFTY50,NIFTY 50,2023-11-17,118.1119
NIFTY50,NIFTY 50,2023-11-20,116.2544
NIFTY50,NIFTY 50,2023-11-21,115.98
NIFTY50,NIFTY 50,2023-11-22,114.5155
NIFTY50,NIFTY 50,2023-11-23,115.2119
NIFTY50,NIFTY 50,2023-11-24,115.5079
NIFTY50,NIFTY 50,2023-11-27,115.0541
NIFTY50,NIFTY 50,2023-11-28,115.0867
NIFTY50,NIFTY 50,2023-11-29,115.7977
NIFTY50,NIFTY 50,2023-11-30,115.9022
NIFTY50,NIFTY 50,2023-12-01,117.019
NIFTY50,NIFTY 50,2023-12-04,117.0098
NIFTY50,NIFTY 50,2023-12-05,117.9028
NIFTY50,NIFTY 50,2023-12-06,119.175
NIFTY50,NIFTY 50,2023-12-07,120.5598
NIFTY50,NIFTY 50,2023-12-08,120.035
NIFTY50,NIFTY 50,2023-12-11,120.8164
NIFTY50,NIFTY 50,2023-12-12,119.2721
NIFTY50,NIFTY 50,2023-12-13,118.4093
NIFTY50,NIFTY 50,2023-12-14,116.8239
NIFTY50,NIFTY 50,2023-12-15,117.739
NIFTY50,NIFTY 50,2023-12-18,116.7648
NIFTY50,NIFTY 50,2023-12-19,116.7953
NIFTY50,NIFTY 50,2023-12-20,116.679
NIFTY50,NIFTY 50,2023-12-21,116.6965
NIFTY50,NIFTY 50,2023-12-22,116.2541
NIFTY50,NIFTY 50,2023-12-25,116.485
NIFTY50,NIFTY 50,2023-12-26,117.9863
NIFTY50,NIFTY 50,2023-12-27,118.0642
NIFTY50,NIFTY 50,2023-12-28,118.5443
NIFTY50,NIFTY 50,2023-12-29,119.4161
NIFTY50,NIFTY 50,2024-01-01,119.2924
NIFTY50,NIFTY 50,2024-01-02,118.2822
NIFTY50,NIFTY 50,2024-01-03,117.8638
NIFTY50,NIFTY 50,2024-01-04,118.7908
NIFTY50,NIFTY 50,2024-01-05,117.4635
NIFTY50,NIFTY 50,2024-01-08,117.013
NIFTY50,NIFTY 50,2024-01-09,117.8791
NIFTY50,NIFTY 50,2024-01-10,118.5745
NIFTY50,NIFTY 50,2024-01-11,118.6224
NIFTY50,NIFTY 50,2024-01-12,119.3325
NIFTY50,NIFTY 50,2024-01-15,119.5129
NIFTY50,NIFTY 50,2024-01-16,118.5685
NIFTY50,NIFTY 50,2024-01-17,117.3119
NIFTY50,NIFTY 50,2024-01-18,116.8283
NIFTY50,NIFTY 50,2024-01-19,117.6238
NIFTY50,NIFTY 50,2024-01-22,117.1993
NIFTY50,NIFTY 50,2024-01-23,116.5
NIFTY50,NIFTY 50,2024-01-24,115.9121
NIFTY50,NIFTY 50,2024-01-25,114.7098
NIFTY50,NIFTY 50,2024-01-26,114.6558
NIFTY50,NIFTY 50,2024-01-29,113.7492
NIFTY50,NIFTY 50,2024-01-30,114.079
NIFTY50,NIFTY 50,2024-01-31,112.2342
NIFTY50,NIFTY 50,2024-02-01,112.531
NIFTY50,NIFTY 50,2024-02-02,112.065
NIFTY50,NIFTY 50,2024-02-05,110.5807
NIFTY50,NIFTY 50,2024-02-06,111.1804
NIFTY50,NIFTY 50,2024-02-07,111.0049
NIFTY50,NIFTY 50,2024-02-08,109.3109
NIFTY50,NIFTY 50,2024-02-09,108.6796
NIFTY50,NIFTY 50,2024-02-12,108.939
NIFTY50,NIFTY 50,2024-02-13,108.6274
NIFTY50,NIFTY 50,2024-02-14,109.2586
NIFTY50,NIFTY 50,2024-02-15,109.8685
NIFTY50,NIFTY 50,2024-02-16,110.4194
NIFTY50,NIFTY 50,2024-02-19,110.7105
NIFTY50,NIFTY 50,2024-02-20,111.7828
NIFTY50,NIFTY 50,2024-02-21,112.3382
NIFTY50,NIFTY 50,2024-02-22,112.7324
NIFTY50,NIFTY 50,2024-02-23,111.1273
NIFTY50,NIFTY 50,2024-02-26,111.8636
NIFTY50,NIFTY 50,2024-02-27,112.9281
NIFTY50,NIFTY 50,2024-02-28,112.733
NIFTY50,NIFTY 50,2024-02-29,112.4019
NIFTY50,NIFTY 50,2024-03-01,113.9679
NIFTY50,NIFTY 50,2024-03-04,112.6052
NIFTY50,NIFTY 50,2024-03-05,113.0142
NIFTY50,NIFTY 50,2024-03-06,114.9711
NIFTY50,NIFTY 50,2024-03-07,114.2648
NIFTY50,NIFTY 50,2024-03-08,114.8564
NIFTY50,NIFTY 50,2024-03-11,116.4132
NIFTY50,NIFTY 50,2024-03-12,116.356
NIFTY50,NIFTY 50,2024-03-13,116.8538
NIFTY50,NIFTY 50,2024-03-14,117.633
NIFTY50,NIFTY 50,2024-03-15,116.9284
NIFTY50,NIFTY 50,2024-03-18,116.8964
NIFTY50,NIFTY 50,2024-03-19,117.1769
NIFTY50,NIFTY 50,2024-03-20,117.8949
NIFTY50,NIFTY 50,2024-03-21,117.9077
NIFTY50,NIFTY 50,2024-03-22,117.7877
NIFTY50,NIFTY 50,2024-03-25,116.9912
NIFTY50,NIFTY 50,2024-03-26,116.7381
NIFTY50,NIFTY 50,2024-03-27,117.5076
NIFTY50,NIFTY 50,2024-03-28,117.6324
NIFTY50,NIFTY 50,2024-03-29,116.9712
NIFTY50,NIFTY 50,2024-04-01,116.323
NIFTY50,NIFTY 50,2024-04-02,118.5351
NIFTY50,NIFTY 50,2024-04-03,119.5224
NIFTY50,NIFTY 50,2024-04-04,120.0976
NIFTY50,NIFTY 50,2024-04-05,117.9598
NIFTY50,NIFTY 50,2024-04-08,118.5142
NIFTY50,NIFTY 50,2024-04-09,118.9545
NIFTY50,NIFTY 50,2024-04-10,120.3984
NIFTY50,NIFTY 50,2024-04-11,120.8011
NIFTY50,NIFTY 50,2024-04-12,120.7863
NIFTY50,NIFTY 50,2024-04-15,121.2703
NIFTY50,NIFTY 50,2024-04-16,119.6623
NIFTY50,NIFTY 50,2024-04-17,120.5697
NIFTY50,NIFTY 50,2024-04-18,120.8861
NIFTY50,NIFTY 50,2024-04-19,120.3343
NIFTY50,NIFTY 50,2024-04-22,121.493
NIFTY50,NIFTY 50,2024-04-23,123.0743
NIFTY50,NIFTY 50,2024-04-24,121.9092
NIFTY50,NIFTY 50,2024-04-25,121.3832
NIFTY50,NIFTY 50,2024-04-26,121.6732
NIFTY50,NIFTY 50,2024-04-29,121.872
NIFTY50,NIFTY 50,2024-04-30,121.5747
NIFTY50,NIFTY 50,2024-05-01,120.7882
NIFTY50,NIFTY 50,2024-05-02,122.6234
NIFTY50,NIFTY 50,2024-05-03,123.5568
NIFTY50,NIFTY 50,2024-05-06,122.5671
NIFTY50,NIFTY 50,2024-05-07,121.456
NIFTY50,NIFTY 50,2024-05-08,122.9465
NIFTY50,NIFTY 50,2024-05-09,123.8408
NIFTY50,NIFTY 50,2024-05-10,125.4628
NIFTY50,NIFTY 50,2024-05-13,126.2182
NIFTY50,NIFTY 50,2024-05-14,125.4919
NIFTY50,NIFTY 50,2024-05-15,125.7648
NIFTY50,NIFTY 50,2024-05-16,123.9072
NIFTY50,NIFTY 50,2024-05-17,123.3016
NIFTY50,NIFTY 50,2024-05-20,123.294
NIFTY50,NIFTY 50,2024-05-21,123.7883
NIFTY50,NIFTY 50,2024-05-22,123.2012
NIFTY50,NIFTY 50,2024-05-23,123.1371
NIFTY50,NIFTY 50,2024-05-24,123.5755
NIFTY50,NIFTY 50,2024-05-27,123.9446
NIFTY50,NIFTY 50,2024-05-28,124.5415
NIFTY50,NIFTY 50,2024-05-29,124.7673
NIFTY50,NIFTY 50,2024-05-30,124.528
NIFTY50,NIFTY 50,2024-05-31,125.2595
NIFTY50,NIFTY 50,2024-06-03,125.3466
NIFTY50,NIFTY 50,2024-06-04,124.6657
NIFTY50,NIFTY 50,2024-06-05,124.1631
NIFTY50,NIFTY 50,2024-06-06,124.2062
NIFTY50,NIFTY 50,2024-06-07,124.1544
NIFTY50,NIFTY 50,2024-06-10,124.3343
NIFTY50,NIFTY 50,2024-06-11,124.3774
NIFTY50,NIFTY 50,2024-06-12,124.5741
NIFTY50,NIFTY 50,2024-06-13,124.5006
NIFTY50,NIFTY 50,2024-06-14,123.4474
NIFTY50,NIFTY 50,2024-06-17,123.8547
NIFTY50,NIFTY 50,2024-06-18,124.8116
NIFTY50,NIFTY 50,2024-06-19,125.235
NIFTY50,NIFTY 50,2024-06-20,125.1129
NIFTY50,NIFTY 50,2024-06-21,125.5477
NIFTY50,NIFTY 50,2024-06-24,124.743
NIFTY50,NIFTY 50,2024-06-25,123.1309
NIFTY50,NIFTY 50,2024-06-26,123.2254
NIFTY50,NIFTY 50,2024-06-27,122.4659
NIFTY50,NIFTY 50,2024-06-28,123.143
NIFTY50,NIFTY 50,2024-07-01,122.2516
NIFTY50,NIFTY 50,2024-07-02,120.045
NIFTY50,NIFTY 50,2024-07-03,119.2135
NIFTY50,NIFTY 50,2024-07-04,120.5721
NIFTY50,NIFTY 50,2024-07-05,120.2921
NIFTY50,NIFTY 50,2024-07-08,119.1811
NIFTY50,NIFTY 50,2024-07-09,118.5859
NIFTY50,NIFTY 50,2024-07-10,119.0599
NIFTY50,NIFTY 50,2024-07-11,119.5156
NIFTY50,NIFTY 50,2024-07-12,119.7053
NIFTY50,NIFTY 50,2024-07-15,120.9906
NIFTY50,NIFTY 50,2024-07-16,121.6313
NIFTY50,NIFTY 50,2024-07-17,121.656
NIFTY50,NIFTY 50,2024-07-18,122.2067
NIFTY50,NIFTY 50,2024-07-19,123.6649
NIFTY50,NIFTY 50,2024-07-22,124.549
NIFTY50,NIFTY 50,2024-07-23,125.4851
NIFTY50,NIFTY 50,2024-07-24,124.5779
NIFTY50,NIFTY 50,2024-07-25,124.492
NIFTY50,NIFTY 50,2024-07-26,125.1716
NIFTY50,NIFTY 50,2024-07-29,124.9557
NIFTY50,NIFTY 50,2024-07-30,125.9344
NIFTY50,NIFTY 50,2024-07-31,126.5041
NIFTY50,NIFTY 50,2024-08-01,127.3527
NIFTY50,NIFTY 50,2024-08-02,127.208
NIFTY50,NIFTY 50,2024-08-05,129.5199
NIFTY50,NIFTY 50,2024-08-06,130.6895
NIFTY50,NIFTY 50,2024-08-07,130.5381
NIFTY50,NIFTY 50,2024-08-08,130.6666
NIFTY50,NIFTY 50,2024-08-09,133.0861
NIFTY50,NIFTY 50,2024-08-12,132.8129
NIFTY50,NIFTY 50,2024-08-13,133.6721
NIFTY50,NIFTY 50,2024-08-14,134.6363
NIFTY50,NIFTY 50,2024-08-15,134.6896
NIFTY50,NIFTY 50,2024-08-16,133.6363
NIFTY50,NIFTY 50,2024-08-19,133.8585
NIFTY50,NIFTY 50,2024-08-20,134.2421
NIFTY50,NIFTY 50,2024-08-21,135.3507
NIFTY50,NIFTY 50,2024-08-22,136.1398
NIFTY50,NIFTY 50,2024-08-23,136.2107
NIFTY50,NIFTY 50,2024-08-26,137.0722
NIFTY50,NIFTY 50,2024-08-27,137.6382
NIFTY50,NIFTY 50,2024-08-28,137.8849
NIFTY50,NIFTY 50,2024-08-29,137.9864
NIFTY50,NIFTY 50,2024-08-30,137.7996
NIFTY50,NIFTY 50,2024-09-02,138.5097
NIFTY50,NIFTY 50,2024-09-03,137.5361
NIFTY50,NIFTY 50,2024-09-04,136.979
NIFTY50,NIFTY 50,2024-09-05,137.0317
NIFTY50,NIFTY 50,2024-09-06,135.6754
NIFTY50,NIFTY 50,2024-09-09,135.3089
NIFTY50,NIFTY 50,2024-09-10,133.4535
NIFTY50,NIFTY 50,2024-09-11,132.8623
NIFTY50,NIFTY 50,2024-09-12,133.4375
NIFTY50,NIFTY 50,2024-09-13,134.0132
NIFTY50,NIFTY 50,2024-09-16,134.009
NIFTY50,NIFTY 50,2024-09-17,133.8382
NIFTY50,NIFTY 50,2024-09-18,132.5576
NIFTY50,NIFTY 50,2024-09-19,134.3001
NIFTY50,NIFTY 50,2024-09-20,134.8321
NIFTY50,NIFTY 50,2024-09-23,135.9113
NIFTY50,NIFTY 50,2024-09-24,135.1195
NIFTY50,NIFTY 50,2024-09-25,134.9916
NIFTY50,NIFTY 50,2024-09-26,133.3195
NIFTY50,NIFTY 50,2024-09-27,134.0945
NIFTY50,NIFTY 50,2024-09-30,135.0192
NIFTY50,NIFTY 50,2024-10-01,133.2732
NIFTY50,NIFTY 50,2024-10-02,133.2712
NIFTY50,NIFTY 50,2024-10-03,133.9059
NIFTY50,NIFTY 50,2024-10-04,132.3011
NIFTY50,NIFTY 50,2024-10-07,130.6569
NIFTY50,NIFTY 50,2024-10-08,129.7285
NIFTY50,NIFTY 50,2024-10-09,129.2025
NIFTY50,NIFTY 50,2024-10-10,127.9789
NIFTY50,NIFTY 50,2024-10-11,128.0521
NIFTY50,NIFTY 50,2024-10-14,128.3206
NIFTY50,NIFTY 50,2024-10-15,128.935
NIFTY50,NIFTY 50,2024-10-16,129.6138
NIFTY50,NIFTY 50,2024-10-17,131.0225
NIFTY50,NIFTY 50,2024-10-18,132.1362
NIFTY50,NIFTY 50,2024-10-21,130.969
NIFTY50,NIFTY 50,2024-10-22,130.5515
NIFTY50,NIFTY 50,2024-10-23,129.6284
NIFTY50,NIFTY 50,2024-10-24,128.6968
NIFTY50,NIFTY 50,2024-10-25,128.6686
NIFTY50,NIFTY 50,2024-10-28,128.7186
NIFTY50,NIFTY 50,2024-10-29,129.2055
NIFTY50,NIFTY 50,2024-10-30,127.8154
NIFTY50,NIFTY 50,2024-10-31,126.7528
NIFTY50,NIFTY 50,2024-11-01,126.7767
NIFTY50,NIFTY 50,2024-11-04,126.6441
NIFTY50,NIFTY 50,2024-11-05,126.4124
NIFTY50,NIFTY 50,2024-11-06,126.4008
NIFTY50,NIFTY 50,2024-11-07,125.7728
NIFTY50,NIFTY 50,2024-11-08,126.4342
NIFTY50,NIFTY 50,2024-11-11,126.792
NIFTY50,NIFTY 50,2024-11-12,126.7585
NIFTY50,NIFTY 50,2024-11-13,126.2065
NIFTY50,NIFTY 50,2024-11-14,126.0968
NIFTY50,NIFTY 50,2024-11-15,123.7386
NIFTY50,NIFTY 50,2024-11-18,122.932
NIFTY50,NIFTY 50,2024-11-19,123.0071
NIFTY50,NIFTY 50,2024-11-20,121.7551
NIFTY50,NIFTY 50,2024-11-21,121.9677
NIFTY50,NIFTY 50,2024-11-22,122.1363
NIFTY50,NIFTY 50,2024-11-25,121.0013
NIFTY50,NIFTY 50,2024-11-26,120.8315
NIFTY50,NIFTY 50,2024-11-27,120.6083
NIFTY50,NIFTY 50,2024-11-28,121.0388
NIFTY50,NIFTY 50,2024-11-29,121.5996
NIFTY50,NIFTY 50,2024-12-02,121.6112
NIFTY50,NIFTY 50,2024-12-03,120.9291
NIFTY50,NIFTY 50,2024-12-04,120.8493
NIFTY50,NIFTY 50,2024-12-05,120.8363
NIFTY50,NIFTY 50,2024-12-06,121.4998
NIFTY50,NIFTY 50,2024-12-09,121.7926
NIFTY50,NIFTY 50,2024-12-10,121.2193
NIFTY50,NIFTY 50,2024-12-11,120.1124
NIFTY50,NIFTY 50,2024-12-12,119.8408
NIFTY50,NIFTY 50,2024-12-13,119.2616
NIFTY50,NIFTY 50,2024-12-16,118.3751
NIFTY50,NIFTY 50,2024-12-17,118.3205
NIFTY50,NIFTY 50,2024-12-18,117.9552
NIFTY50,NIFTY 50,2024-12-19,118.0835
NIFTY50,NIFTY 50,2024-12-20,118.5574
NIFTY50,NIFTY 50,2024-12-23,118.2561
NIFTY50,NIFTY 50,2024-12-24,120.2215
NIFTY50,NIFTY 50,2024-12-25,119.9931
NIFTY50,NIFTY 50,2024-12-26,120.9605
NIFTY50,NIFTY 50,2024-12-27,121.1058
NIFTY50,NIFTY 50,2024-12-30,122.0944
NIFTY50,NIFTY 50,2024-12-31,120.1065
NIFTY50,NIFTY 50,2025-01-01,119.5168
NIFTY50,NIFTY 50,2025-01-02,119.7653
NIFTY50,NIFTY 50,2025-01-03,120.3123
NIFTY50,NIFTY 50,2025-01-06,122.3222
NIFTY50,NIFTY 50,2025-01-07,122.6412
NIFTY50,NIFTY 50,2025-01-08,123.7828
NIFTY50,NIFTY 50,2025-01-09,124.4902
NIFTY50,NIFTY 50,2025-01-10,125.3594
NIFTY50,NIFTY 50,2025-01-13,125.8509
NIFTY50,NIFTY 50,2025-01-14,125.7574
NIFTY50,NIFTY 50,2025-01-15,126.2496
NIFTY50,NIFTY 50,2025-01-16,125.341
NIFTY50,NIFTY 50,2025-01-17,126.4214
NIFTY50,NIFTY 50,2025-01-20,125.5655
NIFTY50,NIFTY 50,2025-01-21,125.8285
NIFTY50,NIFTY 50,2025-01-22,127.7405
NIFTY50,NIFTY 50,2025-01-23,127.5854
NIFTY50,NIFTY 50,2025-01-24,127.6475
NIFTY50,NIFTY 50,2025-01-27,128.7314
NIFTY50,NIFTY 50,2025-01-28,128.8001
NIFTY50,NIFTY 50,2025-01-29,128.117
NIFTY50,NIFTY 50,2025-01-30,128.3933
NIFTY50,NIFTY 50,2025-01-31,128.9615
NIFTY50,NIFTY 50,2025-02-03,129.6476
NIFTY50,NIFTY 50,2025-02-04,128.9919
NIFTY50,NIFTY 50,2025-02-05,130.6195
NIFTY50,NIFTY 50,2025-02-06,132.1892
NIFTY50,NIFTY 50,2025-02-07,132.2523
NIFTY50,NIFTY 50,2025-02-10,132.5473
NIFTY50,NIFTY 50,2025-02-11,132.1961
NIFTY50,NIFTY 50,2025-02-12,133.5509
NIFTY50,NIFTY 50,2025-02-13,132.9387
NIFTY50,NIFTY 50,2025-02-14,133.6125
NIFTY50,NIFTY 50,2025-02-17,133.2106
NIFTY50,NIFTY 50,2025-02-18,132.6101
NIFTY50,NIFTY 50,2025-02-19,133.3236
NIFTY50,NIFTY 50,2025-02-20,134.6151
NIFTY50,NIFTY 50,2025-02-21,134.6527
NIFTY50,NIFTY 50,2025-02-24,134.0613
NIFTY50,NIFTY 50,2025-02-25,134.8697
NIFTY50,NIFTY 50,2025-02-26,134.8702
NIFTY50,NIFTY 50,2025-02-27,135.2106
NIFTY50,NIFTY 50,2025-02-28,136.6993
NIFTY50,NIFTY 50,2025-03-03,137.83
NIFTY50,NIFTY 50,2025-03-04,137.3767
NIFTY50,NIFTY 50,2025-03-05,139.6207
NIFTY50,NIFTY 50,2025-03-06,139.6729
NIFTY50,NIFTY 50,2025-03-07,140.4902
NIFTY50,NIFTY 50,2025-03-10,139.9027
NIFTY50,NIFTY 50,2025-03-11,139.908
NIFTY50,NIFTY 50,2025-03-12,138.2431
NIFTY50,NIFTY 50,2025-03-13,140.0204
NIFTY50,NIFTY 50,2025-03-14,141.4081
NIFTY50,NIFTY 50,2025-03-17,140.2546
NIFTY50,NIFTY 50,2025-03-18,138.8259
NIFTY50,NIFTY 50,2025-03-19,137.2992
NIFTY50,NIFTY 50,2025-03-20,138.4772
NIFTY50,NIFTY 50,2025-03-21,138.0802
NIFTY50,NIFTY 50,2025-03-24,138.0701
NIFTY50,NIFTY 50,2025-03-25,137.8161
NIFTY50,NIFTY 50,2025-03-26,137.7475
NIFTY50,NIFTY 50,2025-03-27,136.7464
NIFTY50,NIFTY 50,2025-03-28,136.8174
NIFTY50,NIFTY 50,2025-03-31,135.488
NIFTY50,NIFTY 50,2025-04-01,135.4677
NIFTY50,NIFTY 50,2025-04-02,135.8079
NIFTY50,NIFTY 50,2025-04-03,136.2999
NIFTY50,NIFTY 50,2025-04-04,136.1266
NIFTY50,NIFTY 50,2025-04-07,135.3131
NIFTY50,NIFTY 50,2025-04-08,135.5116
NIFTY50,NIFTY 50,2025-04-09,135.0993
NIFTY50,NIFTY 50,2025-04-10,136.6274
NIFTY50,NIFTY 50,2025-04-11,137.4094
NIFTY50,NIFTY 50,2025-04-14,137.3467
NIFTY50,NIFTY 50,2025-04-15,136.9418
NIFTY50,NIFTY 50,2025-04-16,136.3162
NIFTY50,NIFTY 50,2025-04-17,135.4696
NIFTY50,NIFTY 50,2025-04-18,135.1823
NIFTY50,NIFTY 50,2025-04-21,135.5085
NIFTY50,NIFTY 50,2025-04-22,136.045
NIFTY50,NIFTY 50,2025-04-23,136.6343
NIFTY50,NIFTY 50,2025-04-24,138.6894
NIFTY50,NIFTY 50,2025-04-25,138.0536
NIFTY50,NIFTY 50,2025-04-28,138.1145
NIFTY50,NIFTY 50,2025-04-29,140.8647
NIFTY50,NIFTY 50,2025-04-30,139.0729
NIFTY50,NIFTY 50,2025-05-01,138.6139
NIFTY50,NIFTY 50,2025-05-02,138.827
NIFTY50,NIFTY 50,2025-05-05,139.0256
NIFTY50,NIFTY 50,2025-05-06,139.4712
NIFTY50,NIFTY 50,2025-05-07,139.287
NIFTY50,NIFTY 50,2025-05-08,139.6927
NIFTY50,NIFTY 50,2025-05-09,139.7932
NIFTY50,NIFTY 50,2025-05-12,140.5969
NIFTY50,NIFTY 50,2025-05-13,138.7835
NIFTY50,NIFTY 50,2025-05-14,137.9723
NIFTY50,NIFTY 50,2025-05-15,138.0184
NIFTY50,NIFTY 50,2025-05-16,137.0698
NIFTY50,NIFTY 50,2025-05-19,136.1155
NIFTY50,NIFTY 50,2025-05-20,136.7612
NIFTY50,NIFTY 50,2025-05-21,136.1868
NIFTY50,NIFTY 50,2025-05-22,136.8398
NIFTY50,NIFTY 50,2025-05-23,137.602
NIFTY50,NIFTY 50,2025-05-26,137.9454
NIFTY50,NIFTY 50,2025-05-27,138.4843
NIFTY50,NIFTY 50,2025-05-28,138.4314
NIFTY50,NIFTY 50,2025-05-29,137.1144
NIFTY50,NIFTY 50,2025-05-30,137.1335
NIFTY50,NIFTY 50,2025-06-02,137.6175
NIFTY50,NIFTY 50,2025-06-03,137.1557
NIFTY50,NIFTY 50,2025-06-04,137.1081
NIFTY50,NIFTY 50,2025-06-05,137.8752
NIFTY50,NIFTY 50,2025-06-06,137.076
NIFTY50,NIFTY 50,2025-06-09,137.7381
NIFTY50,NIFTY 50,2025-06-10,139.5821
NIFTY50,NIFTY 50,2025-06-11,139.0891
NIFTY50,NIFTY 50,2025-06-12,139.2805
NIFTY50,NIFTY 50,2025-06-13,139.1825
NIFTY50,NIFTY 50,2025-06-16,140.7319
NIFTY50,NIFTY 50,2025-06-17,141.0928
NIFTY50,NIFTY 50,2025-06-18,142.0288
NIFTY50,NIFTY 50,2025-06-19,141.3924
NIFTY50,NIFTY 50,2025-06-20,141.426
NIFTY50,NIFTY 50,2025-06-23,141.4657
NIFTY50,NIFTY 50,2025-06-24,139.7566
NIFTY50,NIFTY 50,2025-06-25,141.215
NIFTY50,NIFTY 50,2025-06-26,142.1535
NIFTY50,NIFTY 50,2025-06-27,140.4628
NIFTY50,NIFTY 50,2025-06-30,141.2438
NIFTY50,NIFTY 50,2025-07-01,141.1636
NIFTY50,NIFTY 50,2025-07-02,141.6561
NIFTY50,NIFTY 50,2025-07-03,142.069
NIFTY50,NIFTY 50,2025-07-04,140.628
NIFTY50,NIFTY 50,2025-07-07,140.4685
NIFTY50,NIFTY 50,2025-07-08,141.9854
NIFTY50,NIFTY 50,2025-07-09,141.4637
NIFTY50,NIFTY 50,2025-07-10,140.5004
NIFTY50,NIFTY 50,2025-07-11,139.2124
NIFTY50,NIFTY 50,2025-07-14,138.0711
NIFTY50,NIFTY 50,2025-07-15,138.4437
NIFTY50,NIFTY 50,2025-07-16,140.1325
NIFTY50,NIFTY 50,2025-07-17,140.6028
NIFTY50,NIFTY 50,2025-07-18,140.8936
NIFTY50,NIFTY 50,2025-07-21,143.1459
NIFTY50,NIFTY 50,2025-07-22,142.6755
NIFTY50,NIFTY 50,2025-07-23,142.0522
NIFTY50,NIFTY 50,2025-07-24,142.6274
NIFTY50,NIFTY 50,2025-07-25,143.225
NIFTY50,NIFTY 50,2025-07-28,142.2578
NIFTY50,NIFTY 50,2025-07-29,141.1425
NIFTY50,NIFTY 50,2025-07-30,141.4794
NIFTY50,NIFTY 50,2025-07-31,141.774
NIFTY50,NIFTY 50,2025-08-01,140.5266
NIFTY50,NIFTY 50,2025-08-04,140.3768
NIFTY50,NIFTY 50,2025-08-05,139.8927
NIFTY50,NIFTY 50,2025-08-06,140.3922
NIFTY50,NIFTY 50,2025-08-07,140.3266
NIFTY50,NIFTY 50,2025-08-08,140.2912
NIFTY50,NIFTY 50,2025-08-11,139.9932
NIFTY50,NIFTY 50,2025-08-12,141.0746
NIFTY50,NIFTY 50,2025-08-13,142.4974
NIFTY50,NIFTY 50,2025-08-14,142.1812
NIFTY50,NIFTY 50,2025-08-15,143.0731
NIFTY50,NIFTY 50,2025-08-18,142.3644
NIFTY50,NIFTY 50,2025-08-19,142.486
NIFTY50,NIFTY 50,2025-08-20,143.2838
NIFTY50,NIFTY 50,2025-08-21,144.8527
NIFTY50,NIFTY 50,2025-08-22,144.5155
NIFTY50,NIFTY 50,2025-08-25,144.4911
NIFTY50,NIFTY 50,2025-08-26,144.7403
NIFTY50,NIFTY 50,2025-08-27,143.2732
NIFTY50,NIFTY 50,2025-08-28,143.3393
NIFTY50,NIFTY 50,2025-08-29,142.7113
NIFTY50,NIFTY 50,2025-09-01,143.1323
NIFTY50,NIFTY 50,2025-09-02,142.0503
NIFTY50,NIFTY 50,2025-09-03,140.1343
NIFTY50,NIFTY 50,2025-09-04,140.2209
NIFTY50,NIFTY 50,2025-09-05,140.5258
NIFTY50,NIFTY 50,2025-09-08,140.035
NIFTY50,NIFTY 50,2025-09-09,140.9553
NIFTY50,NIFTY 50,2025-09-10,140.7351
NIFTY50,NIFTY 50,2025-09-11,140.1876
NIFTY50,NIFTY 50,2025-09-12,140.7055
NIFTY50,NIFTY 50,2025-09-15,139.2102
NIFTY50,NIFTY 50,2025-09-16,138.5987
NIFTY50,NIFTY 50,2025-09-17,138.6271
NIFTY50,NIFTY 50,2025-09-18,139.4994
NIFTY50,NIFTY 50,2025-09-19,139.3893
NIFTY50,NIFTY 50,2025-09-22,139.7391
NIFTY50,NIFTY 50,2025-09-23,139.1468
NIFTY50,NIFTY 50,2025-09-24,139.4894
NIFTY50,NIFTY 50,2025-09-25,141.1625
NIFTY50,NIFTY 50,2025-09-26,140.5336
NIFTY50,NIFTY 50,2025-09-29,142.9106
NIFTY50,NIFTY 50,2025-09-30,142.3165
NIFTY50,NIFTY 50,2025-10-01,142.3834
NIFTY50,NIFTY 50,2025-10-02,142.606
NIFTY50,NIFTY 50,2025-10-03,143.6784
NIFTY50,NIFTY 50,2025-10-06,142.4845
NIFTY50,NIFTY 50,2025-10-07,140.4393
NIFTY50,NIFTY 50,2025-10-08,141.0842
NIFTY50,NIFTY 50,2025-10-09,141.9192
NIFTY50,NIFTY 50,2025-10-10,142.5884
NIFTY50,NIFTY 50,2025-10-13,145.2639
NIFTY50,NIFTY 50,2025-10-14,145.5232
NIFTY50,NIFTY 50,2025-10-15,145.8327
NIFTY50,NIFTY 50,2025-10-16,146.8323
NIFTY50,NIFTY 50,2025-10-17,147.2628
NIFTY50,NIFTY 50,2025-10-20,149.0294
NIFTY50,NIFTY 50,2025-10-21,147.7898
NIFTY50,NIFTY 50,2025-10-22,147.4531
NIFTY50,NIFTY 50,2025-10-23,143.9492
NIFTY50,NIFTY 50,2025-10-24,144.8182
NIFTY50,NIFTY 50,2025-10-27,144.4914
NIFTY50,NIFTY 50,2025-10-28,145.4765
NIFTY50,NIFTY 50,2025-10-29,147.7211
NIFTY50,NIFTY 50,2025-10-30,147.7667
NIFTY50,NIFTY 50,2025-10-31,147.5551
NIFTY50,NIFTY 50,2025-11-03,147.0907
NIFTY50,NIFTY 50,2025-11-04,146.2795
NIFTY50,NIFTY 50,2025-11-05,145.6852
NIFTY50,NIFTY 50,2025-11-06,146.3881
NIFTY50,NIFTY 50,2025-11-07,146.4771
NIFTY50,NIFTY 50,2025-11-10,146.5964
NIFTY50,NIFTY 50,2025-11-11,146.4699
NIFTY50,NIFTY 50,2025-11-12,147.4586
NIFTY50,NIFTY 50,2025-11-13,148.0201
NIFTY50,NIFTY 50,2025-11-14,147.925
NIFTY50,NIFTY 50,2025-11-17,148.6651
NIFTY50,NIFTY 50,2025-11-18,148.5592
NIFTY50,NIFTY 50,2025-11-19,147.4122
NIFTY50,NIFTY 50,2025-11-20,148.9655
NIFTY50,NIFTY 50,2025-11-21,149.5029
NIFTY50,NIFTY 50,2025-11-24,148.5534
NIFTY100,NIFTY 100,2023-01-02,100.7332
NIFTY100,NIFTY 100,2023-01-03,100.9913
NIFTY100,NIFTY 100,2023-01-04,99.9968
NIFTY100,NIFTY 100,2023-01-05,101.0752
NIFTY100,NIFTY 100,2023-01-06,101.3266
NIFTY100,NIFTY 100,2023-01-09,101.9462
NIFTY100,NIFTY 100,2023-01-10,102.1099
NIFTY100,NIFTY 100,2023-01-11,102.0433
NIFTY100,NIFTY 100,2023-01-12,101.0491
NIFTY100,NIFTY 100,2023-01-13,101.7196
NIFTY100,NIFTY 100,2023-01-16,101.7721
NIFTY100,NIFTY 100,2023-01-17,101.6151
NIFTY100,NIFTY 100,2023-01-18,101.8794
NIFTY100,NIFTY 100,2023-01-19,101.9637
NIFTY100,NIFTY 100,2023-01-20,102.4442
NIFTY100,NIFTY 100,2023-01-23,102.2299
NIFTY100,NIFTY 100,2023-01-24,102.2384
NIFTY100,NIFTY 100,2023-01-25,100.8496
NIFTY100,NIFTY 100,2023-01-26,100.6044
NIFTY100,NIFTY 100,2023-01-27,101.0785
NIFTY100,NIFTY 100,2023-01-30,101.9891
NIFTY100,NIFTY 100,2023-01-31,101.7804
NIFTY100,NIFTY 100,2023-02-01,101.7327
NIFTY100,NIFTY 100,2023-02-02,102.8124
NIFTY100,NIFTY 100,2023-02-03,102.6275
NIFTY100,NIFTY 100,2023-02-06,103.15
NIFTY100,NIFTY 100,2023-02-07,104.3083
NIFTY100,NIFTY 100,2023-02-08,104.3686
NIFTY100,NIFTY 100,2023-02-09,105.2344
NIFTY100,NIFTY 100,2023-02-10,104.7821
NIFTY100,NIFTY 100,2023-02-13,104.957
NIFTY100,NIFTY 100,2023-02-14,104.9378
NIFTY100,NIFTY 100,2023-02-15,105.0498
NIFTY100,NIFTY 100,2023-02-16,105.8548
NIFTY100,NIFTY 100,2023-02-17,107.5331
NIFTY100,NIFTY 100,2023-02-20,107.1023
NIFTY100,NIFTY 100,2023-02-21,106.7362
NIFTY100,NIFTY 100,2023-02-22,107.1155
NIFTY100,NIFTY 100,2023-02-23,106.4151
NIFTY100,NIFTY 100,2023-02-24,106.7929
NIFTY100,NIFTY 100,2023-02-27,107.2241
NIFTY100,NIFTY 100,2023-02-28,107.065
NIFTY100,NIFTY 100,2023-03-01,107.4689
NIFTY100,NIFTY 100,2023-03-02,106.421
NIFTY100,NIFTY 100,2023-03-03,106.9807
NIFTY100,NIFTY 100,2023-03-06,105.9407
NIFTY100,NIFTY 100,2023-03-07,105.495
NIFTY100,NIFTY 100,2023-03-08,105.1474
NIFTY100,NIFTY 100,2023-03-09,104.9069
NIFTY100,NIFTY 100,2023-03-10,105.5261
NIFTY100,NIFTY 100,2023-03-13,105.6158
NIFTY100,NIFTY 100,2023-03-14,105.3768
NIFTY100,NIFTY 100,2023-03-15,105.7828
NIFTY100,NIFTY 100,2023-03-16,106.9039
NIFTY100,NIFTY 100,2023-03-17,106.9424
NIFTY100,NIFTY 100,2023-03-20,107.2309
NIFTY100,NIFTY 100,2023-03-21,108.1293
NIFTY100,NIFTY 100,2023-03-22,108.3521
NIFTY100,NIFTY 100,2023-03-23,107.4826
NIFTY100,NIFTY 100,2023-03-24,109.2568
NIFTY100,NIFTY 100,2023-03-27,110.8601
NIFTY100,NIFTY 100,2023-03-28,109.4653
NIFTY100,NIFTY 100,2023-03-29,109.4724
NIFTY100,NIFTY 100,2023-03-30,109.8044
NIFTY100,NIFTY 100,2023-03-31,110.5288
NIFTY100,NIFTY 100,2023-04-03,111.0448
NIFTY100,NIFTY 100,2023-04-04,110.8839
NIFTY100,NIFTY 100,2023-04-05,110.1598
NIFTY100,NIFTY 100,2023-04-06,110.2688
NIFTY100,NIFTY 100,2023-04-07,111.0448
NIFTY100,NIFTY 100,2023-04-10,110.2938
NIFTY100,NIFTY 100,2023-04-11,109.5927
NIFTY100,NIFTY 100,2023-04-12,109.6102
NIFTY100,NIFTY 100,2023-04-13,108.2649
NIFTY100,NIFTY 100,2023-04-14,108.1164
NIFTY100,NIFTY 100,2023-04-17,107.8442
NIFTY100,NIFTY 100,2023-04-18,108.1947
NIFTY100,NIFTY 100,2023-04-19,107.7358
NIFTY100,NIFTY 100,2023-04-20,107.1525
NIFTY100,NIFTY 100,2023-04-21,106.9123
NIFTY100,NIFTY 100,2023-04-24,106.9118
NIFTY100,NIFTY 100,2023-04-25,106.4841
NIFTY100,NIFTY 100,2023-04-26,106.5266
NIFTY100,NIFTY 100,2023-04-27,107.0801
NIFTY100,NIFTY 100,2023-04-28,107.9393
NIFTY100,NIFTY 100,2023-05-01,109.17
NIFTY100,NIFTY 100,2023-05-02,108.6489
NIFTY100,NIFTY 100,2023-05-03,108.3873
NIFTY100,NIFTY 100,2023-05-04,106.6727
NIFTY100,NIFTY 100,2023-05-05,108.0238
NIFTY100,NIFTY 100,2023-05-08,107.5495
NIFTY100,NIFTY 100,2023-05-09,107.5606
NIFTY100,NIFTY 100,2023-05-10,107.9604
NIFTY100,NIFTY 100,2023-05-11,107.0416
NIFTY100,NIFTY 100,2023-05-12,107.3986
NIFTY100,NIFTY 100,2023-05-15,107.4145
NIFTY100,NIFTY 100,2023-05-16,106.174
NIFTY100,NIFTY 100,2023-05-17,106.4095
NIFTY100,NIFTY 100,2023-05-18,107.2697
NIFTY100,NIFTY 100,2023-05-19,106.0017
NIFTY100,NIFTY 100,2023-05-22,106.5918
NIFTY100,NIFTY 100,2023-05-23,106.7709
NIFTY100,NIFTY 100,2023-05-24,107.1346
NIFTY100,NIFTY 100,2023-05-25,107.4763
NIFTY100,NIFTY 100,2023-05-26,108.4217
NIFTY100,NIFTY 100,2023-05-29,108.2987
NIFTY100,NIFTY 100,2023-05-30,108.9483
NIFTY100,NIFTY 100,2023-05-31,108.6929
NIFTY100,NIFTY 100,2023-06-01,109.242
NIFTY100,NIFTY 100,2023-06-02,108.699
NIFTY100,NIFTY 100,2023-06-05,108.6572
NIFTY100,NIFTY 100,2023-06-06,109.9145
NIFTY100,NIFTY 100,2023-06-07,110.2681
NIFTY100,NIFTY 100,2023-06-08,110.19
NIFTY100,NIFTY 100,2023-06-09,109.4053
NIFTY100,NIFTY 100,2023-06-12,108.8784
NIFTY100,NIFTY 100,2023-06-13,109.0503
NIFTY100,NIFTY 100,2023-06-14,109.751
NIFTY100,NIFTY 100,2023-06-15,110.0901
NIFTY100,NIFTY 100,2023-06-16,110.5004
NIFTY100,NIFTY 100,2023-06-19,110.5058
NIFTY100,NIFTY 100,2023-06-20,111.5123
NIFTY100,NIFTY 100,2023-06-21,111.2647
NIFTY100,NIFTY 100,2023-06-22,110.9027
NIFTY100,NIFTY 100,2023-06-23,111.5784
NIFTY100,NIFTY 100,2023-06-26,111.6603
NIFTY100,NIFTY 100,2023-06-27,111.4938
NIFTY100,NIFTY 100,2023-06-28,111.112
NIFTY100,NIFTY 100,2023-06-29,110.962
NIFTY100,NIFTY 100,2023-06-30,111.4473
NIFTY100,NIFTY 100,2023-07-03,111.7392
NIFTY100,NIFTY 100,2023-07-04,110.8964
NIFTY100,NIFTY 100,2023-07-05,111.2392
NIFTY100,NIFTY 100,2023-07-06,111.4042
NIFTY100,NIFTY 100,2023-07-07,110.7156
NIFTY100,NIFTY 100,2023-07-10,111.3072
NIFTY100,NIFTY 100,2023-07-11,111.14
NIFTY100,NIFTY 100,2023-07-12,110.9332
NIFTY100,NIFTY 100,2023-07-13,111.5425
NIFTY100,NIFTY 100,2023-07-14,112.5358
NIFTY100,NIFTY 100,2023-07-17,112.0681
NIFTY100,NIFTY 100,2023-07-18,112.4232
NIFTY100,NIFTY 100,2023-07-19,111.819
NIFTY100,NIFTY 100,2023-07-20,113.5368
NIFTY100,NIFTY 100,2023-07-21,113.2088
NIFTY100,NIFTY 100,2023-07-24,114.1243
NIFTY100,NIFTY 100,2023-07-25,113.6807
NIFTY100,NIFTY 100,2023-07-26,114.3165
NIFTY100,NIFTY 100,2023-07-27,116.0019
NIFTY100,NIFTY 100,2023-07-28,114.1231
NIFTY100,NIFTY 100,2023-07-31,113.8373
NIFTY100,NIFTY 100,2023-08-01,114.244
NIFTY100,NIFTY 100,2023-08-02,114.2116
NIFTY100,NIFTY 100,2023-08-03,113.7519
NIFTY100,NIFTY 100,2023-08-04,115.3796
NIFTY100,NIFTY 100,2023-08-07,115.4762
NIFTY100,NIFTY 100,2023-08-08,114.2788
NIFTY100,NIFTY 100,2023-08-09,114.9498
NIFTY100,NIFTY 100,2023-08-10,113.7003
NIFTY100,NIFTY 100,2023-08-11,114.5872
NIFTY100,NIFTY 100,2023-08-14,114.1936
NIFTY100,NIFTY 100,2023-08-15,114.3376
NIFTY100,NIFTY 100,2023-08-16,115.3113
NIFTY100,NIFTY 100,2023-08-17,115.4366
NIFTY100,NIFTY 100,2023-08-18,114.4297
NIFTY100,NIFTY 100,2023-08-21,113.2049
NIFTY100,NIFTY 100,2023-08-22,114.1113
NIFTY100,NIFTY 100,2023-08-23,114.6971
NIFTY100,NIFTY 100,2023-08-24,114.1256
NIFTY100,NIFTY 100,2023-08-25,114.7997
NIFTY100,NIFTY 100,2023-08-28,115.207
NIFTY100,NIFTY 100,2023-08-29,115.7289
NIFTY100,NIFTY 100,2023-08-30,114.0667
NIFTY100,NIFTY 100,2023-08-31,113.8793
NIFTY100,NIFTY 100,2023-09-01,114.5822
NIFTY100,NIFTY 100,2023-09-04,115.1651
NIFTY100,NIFTY 100,2023-09-05,115.8618
NIFTY100,NIFTY 100,2023-09-06,114.0483
NIFTY100,NIFTY 100,2023-09-07,114.2101
NIFTY100,NIFTY 100,2023-09-08,114.6121
NIFTY100,NIFTY 100,2023-09-11,116.5499
NIFTY100,NIFTY 100,2023-09-12,115.8646
NIFTY100,NIFTY 100,2023-09-13,115.6537
NIFTY100,NIFTY 100,2023-09-14,115.7177
NIFTY100,NIFTY 100,2023-09-15,116.4212
NIFTY100,NIFTY 100,2023-09-18,116.123
NIFTY100,NIFTY 100,2023-09-19,117.0261
NIFTY100,NIFTY 100,2023-09-20,116.4642
NIFTY100,NIFTY 100,2023-09-21,116.7035
NIFTY100,NIFTY 100,2023-09-22,116.3408
NIFTY100,NIFTY 100,2023-09-25,116.4976
NIFTY100,NIFTY 100,2023-09-26,116.0118
NIFTY100,NIFTY 100,2023-09-27,114.8444
NIFTY100,NIFTY 100,2023-09-28,115.6972
NIFTY100,NIFTY 100,2023-09-29,115.9624
NIFTY100,NIFTY 100,2023-10-02,115.5784
NIFTY100,NIFTY 100,2023-10-03,115.7663
NIFTY100,NIFTY 100,2023-10-04,116.5484
NIFTY100,NIFTY 100,2023-10-05,115.8452
NIFTY100,NIFTY 100,2023-10-06,115.7992
NIFTY100,NIFTY 100,2023-10-09,116.2421
NIFTY100,NIFTY 100,2023-10-10,116.6768
NIFTY100,NIFTY 100,2023-10-11,116.4599
NIFTY100,NIFTY 100,2023-10-12,114.9022
NIFTY100,NIFTY 100,2023-10-13,115.8672
NIFTY100,NIFTY 100,2023-10-16,116.1516
NIFTY100,NIFTY 100,2023-10-17,116.1986
NIFTY100,NIFTY 100,2023-10-18,116.0254
NIFTY100,NIFTY 100,2023-10-19,116.2612
NIFTY100,NIFTY 100,2023-10-20,115.9768
NIFTY100,NIFTY 100,2023-10-23,115.2414
NIFTY100,NIFTY 100,2023-10-24,114.7242
NIFTY100,NIFTY 100,2023-10-25,114.3158
NIFTY100,NIFTY 100,2023-10-26,113.8974
NIFTY100,NIFTY 100,2023-10-27,113.076
NIFTY100,NIFTY 100,2023-10-30,113.5799
NIFTY100,NIFTY 100,2023-10-31,112.6492
NIFTY100,NIFTY 100,2023-11-01,113.1684
NIFTY100,NIFTY 100,2023-11-02,112.4582
NIFTY100,NIFTY 100,2023-11-03,112.7518
NIFTY100,NIFTY 100,2023-11-06,113.7949
NIFTY100,NIFTY 100,2023-11-07,113.9817
NIFTY100,NIFTY 100,2023-11-08,113.4767
NIFTY100,NIFTY 100,2023-11-09,113.5486
NIFTY100,NIFTY 100,2023-11-10,113.6943
NIFTY100,NIFTY 100,2023-11-13,112.4494
NIFTY100,NIFTY 100,2023-11-14,112.0412
NIFTY100,NIFTY 100,2023-11-15,112.1958
NIFTY100,NIFTY 100,2023-11-16,111.8895
NIFTY100,NIFTY 100,2023-11-17,111.9833
NIFTY100,NIFTY 100,2023-11-20,112.5534
NIFTY100,NIFTY 100,2023-11-21,113.1502
NIFTY100,NIFTY 100,2023-11-22,113.8525
NIFTY100,NIFTY 100,2023-11-23,114.3245
NIFTY100,NIFTY 100,2023-11-24,114.1471
NIFTY100,NIFTY 100,2023-11-27,114.17
NIFTY100,NIFTY 100,2023-11-28,114.0053
NIFTY100,NIFTY 100,2023-11-29,113.8097
NIFTY100,NIFTY 100,2023-11-30,113.7132
NIFTY100,NIFTY 100,2023-12-01,112.4748
NIFTY100,NIFTY 100,2023-12-04,112.2672
NIFTY100,NIFTY 100,2023-12-05,112.2855
NIFTY100,NIFTY 100,2023-12-06,111.6106
NIFTY100,NIFTY 100,2023-12-07,111.6289
NIFTY100,NIFTY 100,2023-12-08,112.0387
NIFTY100,NIFTY 100,2023-12-11,111.9548
NIFTY100,NIFTY 100,2023-12-12,113.5018
NIFTY100,NIFTY 100,2023-12-13,111.6152
NIFTY100,NIFTY 100,2023-12-14,111.5012
NIFTY100,NIFTY 100,2023-12-15,110.2139
NIFTY100,NIFTY 100,2023-12-18,110.9512
NIFTY100,NIFTY 100,2023-12-19,112.9008
NIFTY100,NIFTY 100,2023-12-20,111.1009
NIFTY100,NIFTY 100,2023-12-21,111.2288
NIFTY100,NIFTY 100,2023-12-22,111.6397
NIFTY100,NIFTY 100,2023-12-25,111.4559
NIFTY100,NIFTY 100,2023-12-26,111.8913
NIFTY100,NIFTY 100,2023-12-27,110.2958
NIFTY100,NIFTY 100,2023-12-28,110.9419
NIFTY100,NIFTY 100,2023-12-29,111.2457
NIFTY100,NIFTY 100,2024-01-01,111.2978
NIFTY100,NIFTY 100,2024-01-02,110.9083
NIFTY100,NIFTY 100,2024-01-03,111.404
NIFTY100,NIFTY 100,2024-01-04,111.0882
NIFTY100,NIFTY 100,2024-01-05,111.2848
NIFTY100,NIFTY 100,2024-01-08,110.9515
NIFTY100,NIFTY 100,2024-01-09,109.3666
NIFTY100,NIFTY 100,2024-01-10,109.3793
NIFTY100,NIFTY 100,2024-01-11,109.5581
NIFTY100,NIFTY 100,2024-01-12,110.1304
NIFTY100,NIFTY 100,2024-01-15,109.5385
NIFTY100,NIFTY 100,2024-01-16,109.55
NIFTY100,NIFTY 100,2024-01-17,110.0245
NIFTY100,NIFTY 100,2024-01-18,110.1637
NIFTY100,NIFTY 100,2024-01-19,111.0886
NIFTY100,NIFTY 100,2024-01-22,112.5623
NIFTY100,NIFTY 100,2024-01-23,111.9335
NIFTY100,NIFTY 100,2024-01-24,110.5718
NIFTY100,NIFTY 100,2024-01-25,111.2228
NIFTY100,NIFTY 100,2024-01-26,112.3641
NIFTY100,NIFTY 100,2024-01-29,113.0737
NIFTY100,NIFTY 100,2024-01-30,113.7081
NIFTY100,NIFTY 100,2024-01-31,113.2872
NIFTY100,NIFTY 100,2024-02-01,112.798
NIFTY100,NIFTY 100,2024-02-02,113.4855
NIFTY100,NIFTY 100,2024-02-05,112.8494
NIFTY100,NIFTY 100,2024-02-06,111.5554
NIFTY100,NIFTY 100,2024-02-07,110.8678
NIFTY100,NIFTY 100,2024-02-08,112.6993
NIFTY100,NIFTY 100,2024-02-09,114.1443
NIFTY100,NIFTY 100,2024-02-12,113.6715
NIFTY100,NIFTY 100,2024-02-13,113.1693
NIFTY100,NIFTY 100,2024-02-14,113.3757
NIFTY100,NIFTY 100,2024-02-15,112.8598
NIFTY100,NIFTY 100,2024-02-16,113.857
NIFTY100,NIFTY 100,2024-02-19,113.8355
NIFTY100,NIFTY 100,2024-02-20,113.0681
NIFTY100,NIFTY 100,2024-02-21,114.0662
NIFTY100,NIFTY 100,2024-02-22,113.6704
NIFTY100,NIFTY 100,2024-02-23,113.8702
NIFTY100,NIFTY 100,2024-02-26,113.8973
NIFTY100,NIFTY 100,2024-02-27,113.701
NIFTY100,NIFTY 100,2024-02-28,113.9775
NIFTY100,NIFTY 100,2024-02-29,113.501
NIFTY100,NIFTY 100,2024-03-01,112.1765
NIFTY100,NIFTY 100,2024-03-04,110.6025
NIFTY100,NIFTY 100,2024-03-05,109.7273
NIFTY100,NIFTY 100,2024-03-06,109.2215
NIFTY100,NIFTY 100,2024-03-07,109.2401
NIFTY100,NIFTY 100,2024-03-08,109.3143
NIFTY100,NIFTY 100,2024-03-11,109.7444
NIFTY100,NIFTY 100,2024-03-12,109.865
NIFTY100,NIFTY 100,2024-03-13,109.3336
NIFTY100,NIFTY 100,2024-03-14,108.8648
NIFTY100,NIFTY 100,2024-03-15,107.4003
NIFTY100,NIFTY 100,2024-03-18,107.3166
NIFTY100,NIFTY 100,2024-03-19,107.6891
NIFTY100,NIFTY 100,2024-03-20,108.0944
NIFTY100,NIFTY 100,2024-03-21,108.0436
NIFTY100,NIFTY 100,2024-03-22,107.9559
NIFTY100,NIFTY 100,2024-03-25,108.6474
NIFTY100,NIFTY 100,2024-03-26,108.6931
NIFTY100,NIFTY 100,2024-03-27,109.2491
NIFTY100,NIFTY 100,2024-03-28,109.6977
NIFTY100,NIFTY 100,2024-03-29,109.8848
NIFTY100,NIFTY 100,2024-04-01,110.8531
NIFTY100,NIFTY 100,2024-04-02,110.4759
NIFTY100,NIFTY 100,2024-04-03,110.2536
NIFTY100,NIFTY 100,2024-04-04,109.7098
NIFTY100,NIFTY 100,2024-04-05,109.1764
NIFTY100,NIFTY 100,2024-04-08,110.3156
NIFTY100,NIFTY 100,2024-04-09,111.6124
NIFTY100,NIFTY 100,2024-04-10,111.6647
NIFTY100,NIFTY 100,2024-04-11,112.1129
NIFTY100,NIFTY 100,2024-04-12,113.0053
NIFTY100,NIFTY 100,2024-04-15,113.6345
NIFTY100,NIFTY 100,2024-04-16,114.5612
NIFTY100,NIFTY 100,2024-04-17,113.6574
NIFTY100,NIFTY 100,2024-04-18,113.2214
NIFTY100,NIFTY 100,2024-04-19,113.5908
NIFTY100,NIFTY 100,2024-04-22,114.6869
NIFTY100,NIFTY 100,2024-04-23,114.801
NIFTY100,NIFTY 100,2024-04-24,114.1972
NIFTY100,NIFTY 100,2024-04-25,113.9706
NIFTY100,NIFTY 100,2024-04-26,113.5177
NIFTY100,NIFTY 100,2024-04-29,112.9207
NIFTY100,NIFTY 100,2024-04-30,114.0587
NIFTY100,NIFTY 100,2024-05-01,113.6313
NIFTY100,NIFTY 100,2024-05-02,113.6828
NIFTY100,NIFTY 100,2024-05-03,115.3171
NIFTY100,NIFTY 100,2024-05-06,116.242
NIFTY100,NIFTY 100,2024-05-07,116.5332
NIFTY100,NIFTY 100,2024-05-08,116.107
NIFTY100,NIFTY 100,2024-05-09,116.4538
NIFTY100,NIFTY 100,2024-05-10,117.7186
NIFTY100,NIFTY 100,2024-05-13,118.233
NIFTY100,NIFTY 100,2024-05-14,119.2403
NIFTY100,NIFTY 100,2024-05-15,119.3545
NIFTY100,NIFTY 100,2024-05-16,119.7932
NIFTY100,NIFTY 100,2024-05-17,119.6751
NIFTY100,NIFTY 100,2024-05-20,120.0455
NIFTY100,NIFTY 100,2024-05-21,121.0986
NIFTY100,NIFTY 100,2024-05-22,120.0109
NIFTY100,NIFTY 100,2024-05-23,120.0005
NIFTY100,NIFTY 100,2024-05-24,120.2263
NIFTY100,NIFTY 100,2024-05-27,119.8185
NIFTY100,NIFTY 100,2024-05-28,119.6169
NIFTY100,NIFTY 100,2024-05-29,120.267
NIFTY100,NIFTY 100,2024-05-30,121.8703
NIFTY100,NIFTY 100,2024-05-31,122.4079
NIFTY100,NIFTY 100,2024-06-03,122.7066
NIFTY100,NIFTY 100,2024-06-04,121.5084
NIFTY100,NIFTY 100,2024-06-05,123.0697
NIFTY100,NIFTY 100,2024-06-06,123.1706
NIFTY100,NIFTY 100,2024-06-07,123.1829
NIFTY100,NIFTY 100,2024-06-10,122.3269
NIFTY100,NIFTY 100,2024-06-11,122.3208
NIFTY100,NIFTY 100,2024-06-12,121.4884
NIFTY100,NIFTY 100,2024-06-13,121.5834
NIFTY100,NIFTY 100,2024-06-14,121.9908
NIFTY100,NIFTY 100,2024-06-17,122.0546
NIFTY100,NIFTY 100,2024-06-18,122.3155
NIFTY100,NIFTY 100,2024-06-19,121.6774
NIFTY100,NIFTY 100,2024-06-20,122.8472
NIFTY100,NIFTY 100,2024-06-21,122.3649
NIFTY100,NIFTY 100,2024-06-24,120.9578
NIFTY100,NIFTY 100,2024-06-25,120.8491
NIFTY100,NIFTY 100,2024-06-26,120.2878
NIFTY100,NIFTY 100,2024-06-27,119.5368
NIFTY100,NIFTY 100,2024-06-28,119.2993
NIFTY100,NIFTY 100,2024-07-01,119.5633
NIFTY100,NIFTY 100,2024-07-02,118.6831
NIFTY100,NIFTY 100,2024-07-03,118.615
NIFTY100,NIFTY 100,2024-07-04,119.7529
NIFTY100,NIFTY 100,2024-07-05,120.3227
NIFTY100,NIFTY 100,2024-07-08,120.2423
NIFTY100,NIFTY 100,2024-07-09,120.3807
NIFTY100,NIFTY 100,2024-07-10,120.3254
NIFTY100,NIFTY 100,2024-07-11,120.3265
NIFTY100,NIFTY 100,2024-07-12,120.9378
NIFTY100,NIFTY 100,2024-07-15,120.9038
NIFTY100,NIFTY 100,2024-07-16,119.0529
NIFTY100,NIFTY 100,2024-07-17,119.0743
NIFTY100,NIFTY 100,2024-07-18,118.424
NIFTY100,NIFTY 100,2024-07-19,118.9632
NIFTY100,NIFTY 100,2024-07-22,118.5293
NIFTY100,NIFTY 100,2024-07-23,118.6816
NIFTY100,NIFTY 100,2024-07-24,120.3992
NIFTY100,NIFTY 100,2024-07-25,119.6185
NIFTY100,NIFTY 100,2024-07-26,118.7823
NIFTY100,NIFTY 100,2024-07-29,117.7305
NIFTY100,NIFTY 100,2024-07-30,115.9355
NIFTY100,NIFTY 100,2024-07-31,114.557
NIFTY100,NIFTY 100,2024-08-01,114.8651
NIFTY100,NIFTY 100,2024-08-02,114.4255
NIFTY100,NIFTY 100,2024-08-05,113.0726
NIFTY100,NIFTY 100,2024-08-06,112.0191
NIFTY100,NIFTY 100,2024-08-07,112.5044
NIFTY100,NIFTY 100,2024-08-08,111.9735
NIFTY100,NIFTY 100,2024-08-09,111.7423
NIFTY100,NIFTY 100,2024-08-12,112.0181
NIFTY100,NIFTY 100,2024-08-13,113.0415
NIFTY100,NIFTY 100,2024-08-14,114.5039
NIFTY100,NIFTY 100,2024-08-15,115.309
NIFTY100,NIFTY 100,2024-08-16,115.4535
NIFTY100,NIFTY 100,2024-08-19,115.6287
NIFTY100,NIFTY 100,2024-08-20,117.0202
NIFTY100,NIFTY 100,2024-08-21,118.1442
NIFTY100,NIFTY 100,2024-08-22,117.9436
NIFTY100,NIFTY 100,2024-08-23,118.3323
NIFTY100,NIFTY 100,2024-08-26,118.5908
NIFTY100,NIFTY 100,2024-08-27,118.6692
NIFTY100,NIFTY 100,2024-08-28,118.3214
NIFTY100,NIFTY 100,2024-08-29,117.3391
NIFTY100,NIFTY 100,2024-08-30,116.9694
NIFTY100,NIFTY 100,2024-09-02,115.8328
NIFTY100,NIFTY 100,2024-09-03,116.7912
NIFTY100,NIFTY 100,2024-09-04,117.2359
NIFTY100,NIFTY 100,2024-09-05,116.3545
NIFTY100,NIFTY 100,2024-09-06,117.4474
NIFTY100,NIFTY 100,2024-09-09,118.1657
NIFTY100,NIFTY 100,2024-09-10,116.7376
NIFTY100,NIFTY 100,2024-09-11,118.1722
NIFTY100,NIFTY 100,2024-09-12,118.8321
NIFTY100,NIFTY 100,2024-09-13,120.4645
NIFTY100,NIFTY 100,2024-09-16,119.5391
NIFTY100,NIFTY 100,2024-09-17,119.9897
NIFTY100,NIFTY 100,2024-09-18,120.3581
NIFTY100,NIFTY 100,2024-09-19,120.5545
NIFTY100,NIFTY 100,2024-09-20,120.7272
NIFTY100,NIFTY 100,2024-09-23,121.5925
NIFTY100,NIFTY 100,2024-09-24,120.4503
NIFTY100,NIFTY 100,2024-09-25,119.5163
NIFTY100,NIFTY 100,2024-09-26,118.4715
NIFTY100,NIFTY 100,2024-09-27,118.08
NIFTY100,NIFTY 100,2024-09-30,117.653
NIFTY100,NIFTY 100,2024-10-01,117.9716
NIFTY100,NIFTY 100,2024-10-02,118.2137
NIFTY100,NIFTY 100,2024-10-03,118.2756
NIFTY100,NIFTY 100,2024-10-04,117.7933
NIFTY100,NIFTY 100,2024-10-07,117.4926
NIFTY100,NIFTY 100,2024-10-08,118.2576
NIFTY100,NIFTY 100,2024-10-09,118.8824
NIFTY100,NIFTY 100,2024-10-10,118.9985
NIFTY100,NIFTY 100,2024-10-11,118.7871
NIFTY100,NIFTY 100,2024-10-14,120.0242
NIFTY100,NIFTY 100,2024-10-15,119.5991
NIFTY100,NIFTY 100,2024-10-16,120.1416
NIFTY100,NIFTY 100,2024-10-17,121.0809
NIFTY100,NIFTY 100,2024-10-18,120.9107
NIFTY100,NIFTY 100,2024-10-21,121.5981
NIFTY100,NIFTY 100,2024-10-22,120.7552
NIFTY100,NIFTY 100,2024-10-23,121.5887
NIFTY100,NIFTY 100,2024-10-24,121.7853
NIFTY100,NIFTY 100,2024-10-25,120.5683
NIFTY100,NIFTY 100,2024-10-28,121.1316
NIFTY100,NIFTY 100,2024-10-29,120.4678
NIFTY100,NIFTY 100,2024-10-30,121.5101
NIFTY100,NIFTY 100,2024-10-31,121.0127
NIFTY100,NIFTY 100,2024-11-01,120.9218
NIFTY100,NIFTY 100,2024-11-04,121.183
NIFTY100,NIFTY 100,2024-11-05,120.9599
NIFTY100,NIFTY 100,2024-11-06,121.2027
NIFTY100,NIFTY 100,2024-11-07,120.8055
NIFTY100,NIFTY 100,2024-11-08,121.3717
NIFTY100,NIFTY 100,2024-11-11,121.4149
NIFTY100,NIFTY 100,2024-11-12,121.6204
NIFTY100,NIFTY 100,2024-11-13,119.4833
NIFTY100,NIFTY 100,2024-11-14,120.4235
NIFTY100,NIFTY 100,2024-11-15,120.487
NIFTY100,NIFTY 100,2024-11-18,119.1294
NIFTY100,NIFTY 100,2024-11-19,119.2415
NIFTY100,NIFTY 100,2024-11-20,119.6417
NIFTY100,NIFTY 100,2024-11-21,120.5127
NIFTY100,NIFTY 100,2024-11-22,119.7031
NIFTY100,NIFTY 100,2024-11-25,120.9452
NIFTY100,NIFTY 100,2024-11-26,120.8586
NIFTY100,NIFTY 100,2024-11-27,122.7785
NIFTY100,NIFTY 100,2024-11-28,122.7011
NIFTY100,NIFTY 100,2024-11-29,123.2825
NIFTY100,NIFTY 100,2024-12-02,123.0282
NIFTY100,NIFTY 100,2024-12-03,122.1752
NIFTY100,NIFTY 100,2024-12-04,123.0852
NIFTY100,NIFTY 100,2024-12-05,123.8497
NIFTY100,NIFTY 100,2024-12-06,125.1279
NIFTY100,NIFTY 100,2024-12-09,125.8649
NIFTY100,NIFTY 100,2024-12-10,125.4363
NIFTY100,NIFTY 100,2024-12-11,124.121
NIFTY100,NIFTY 100,2024-12-12,123.6358
NIFTY100,NIFTY 100,2024-12-13,123.1329
NIFTY100,NIFTY 100,2024-12-16,122.5198
NIFTY100,NIFTY 100,2024-12-17,123.0228
NIFTY100,NIFTY 100,2024-12-18,123.3243
NIFTY100,NIFTY 100,2024-12-19,123.1475
NIFTY100,NIFTY 100,2024-12-20,123.3251
NIFTY100,NIFTY 100,2024-12-23,123.2478
NIFTY100,NIFTY 100,2024-12-24,123.4577
NIFTY100,NIFTY 100,2024-12-25,124.1007
NIFTY100,NIFTY 100,2024-12-26,124.9144
NIFTY100,NIFTY 100,2024-12-27,124.3974
NIFTY100,NIFTY 100,2024-12-30,123.2188
NIFTY100,NIFTY 100,2024-12-31,124.4015
NIFTY100,NIFTY 100,2025-01-01,124.5339
NIFTY100,NIFTY 100,2025-01-02,125.4688
NIFTY100,NIFTY 100,2025-01-03,124.1689
NIFTY100,NIFTY 100,2025-01-06,123.9423
NIFTY100,NIFTY 100,2025-01-07,124.0038
NIFTY100,NIFTY 100,2025-01-08,122.8816
NIFTY100,NIFTY 100,2025-01-09,122.5089
NIFTY100,NIFTY 100,2025-01-10,123.125
NIFTY100,NIFTY 100,2025-01-13,124.0276
NIFTY100,NIFTY 100,2025-01-14,125.3524
NIFTY100,NIFTY 100,2025-01-15,124.6888
NIFTY100,NIFTY 100,2025-01-16,123.593
NIFTY100,NIFTY 100,2025-01-17,124.0507
NIFTY100,NIFTY 100,2025-01-20,124.8487
NIFTY100,NIFTY 100,2025-01-21,125.0453
NIFTY100,NIFTY 100,2025-01-22,124.0275
NIFTY100,NIFTY 100,2025-01-23,124.6977
NIFTY100,NIFTY 100,2025-01-24,125.38
NIFTY100,NIFTY 100,2025-01-27,125.8711
NIFTY100,NIFTY 100,2025-01-28,125.5129
NIFTY100,NIFTY 100,2025-01-29,125.8011
NIFTY100,NIFTY 100,2025-01-30,126.4879
NIFTY100,NIFTY 100,2025-01-31,126.069
NIFTY100,NIFTY 100,2025-02-03,124.5985
NIFTY100,NIFTY 100,2025-02-04,124.9045
NIFTY100,NIFTY 100,2025-02-05,125.3348
NIFTY100,NIFTY 100,2025-02-06,125.386
NIFTY100,NIFTY 100,2025-02-07,126.1507
NIFTY100,NIFTY 100,2025-02-10,125.7101
NIFTY100,NIFTY 100,2025-02-11,125.6831
NIFTY100,NIFTY 100,2025-02-12,125.474
NIFTY100,NIFTY 100,2025-02-13,125.9801
NIFTY100,NIFTY 100,2025-02-14,127.3271
NIFTY100,NIFTY 100,2025-02-17,127.1599
NIFTY100,NIFTY 100,2025-02-18,128.8992
NIFTY100,NIFTY 100,2025-02-19,130.2215
NIFTY100,NIFTY 100,2025-02-20,130.9324
NIFTY100,NIFTY 100,2025-02-21,131.4739
NIFTY100,NIFTY 100,2025-02-24,133.0293
NIFTY100,NIFTY 100,2025-02-25,132.9157
NIFTY100,NIFTY 100,2025-02-26,132.8616
NIFTY100,NIFTY 100,2025-02-27,131.9864
NIFTY100,NIFTY 100,2025-02-28,132.4343
NIFTY100,NIFTY 100,2025-03-03,133.6344
NIFTY100,NIFTY 100,2025-03-04,134.1396
NIFTY100,NIFTY 100,2025-03-05,134.5514
NIFTY100,NIFTY 100,2025-03-06,134.4189
NIFTY100,NIFTY 100,2025-03-07,134.6101
NIFTY100,NIFTY 100,2025-03-10,133.4063
NIFTY100,NIFTY 100,2025-03-11,134.3585
NIFTY100,NIFTY 100,2025-03-12,134.0434
NIFTY100,NIFTY 100,2025-03-13,133.1239
NIFTY100,NIFTY 100,2025-03-14,132.5163
NIFTY100,NIFTY 100,2025-03-17,131.8484
NIFTY100,NIFTY 100,2025-03-18,132.6236
NIFTY100,NIFTY 100,2025-03-19,133.5782
NIFTY100,NIFTY 100,2025-03-20,132.4421
NIFTY100,NIFTY 100,2025-03-21,133.2819
NIFTY100,NIFTY 100,2025-03-24,134.094
NIFTY100,NIFTY 100,2025-03-25,133.6319
NIFTY100,NIFTY 100,2025-03-26,132.3835
NIFTY100,NIFTY 100,2025-03-27,131.7844
NIFTY100,NIFTY 100,2025-03-28,131.2836
NIFTY100,NIFTY 100,2025-03-31,131.6179
NIFTY100,NIFTY 100,2025-04-01,131.354
NIFTY100,NIFTY 100,2025-04-02,129.6643
NIFTY100,NIFTY 100,2025-04-03,129.9027
NIFTY100,NIFTY 100,2025-04-04,128.6488
NIFTY100,NIFTY 100,2025-04-07,129.4471
NIFTY100,NIFTY 100,2025-04-08,128.4731
NIFTY100,NIFTY 100,2025-04-09,127.9356
NIFTY100,NIFTY 100,2025-04-10,127.2661
NIFTY100,NIFTY 100,2025-04-11,126.858
NIFTY100,NIFTY 100,2025-04-14,127.9689
NIFTY100,NIFTY 100,2025-04-15,128.7186
NIFTY100,NIFTY 100,2025-04-16,129.2632
NIFTY100,NIFTY 100,2025-04-17,129.5729
NIFTY100,NIFTY 100,2025-04-18,128.3107
NIFTY100,NIFTY 100,2025-04-21,127.9176
NIFTY100,NIFTY 100,2025-04-22,127.4997
NIFTY100,NIFTY 100,2025-04-23,126.7304
NIFTY100,NIFTY 100,2025-04-24,127.1903
NIFTY100,NIFTY 100,2025-04-25,126.6184
NIFTY100,NIFTY 100,2025-04-28,126.0747
NIFTY100,NIFTY 100,2025-04-29,125.2592
NIFTY100,NIFTY 100,2025-04-30,123.624
NIFTY100,NIFTY 100,2025-05-01,124.1419
NIFTY100,NIFTY 100,2025-05-02,125.2555
NIFTY100,NIFTY 100,2025-05-05,125.4379
NIFTY100,NIFTY 100,2025-05-06,124.6817
NIFTY100,NIFTY 100,2025-05-07,122.5293
NIFTY100,NIFTY 100,2025-05-08,122.7063
NIFTY100,NIFTY 100,2025-05-09,123.7156
NIFTY100,NIFTY 100,2025-05-12,123.9942
NIFTY100,NIFTY 100,2025-05-13,124.7811
NIFTY100,NIFTY 100,2025-05-14,126.02
NIFTY100,NIFTY 100,2025-05-15,126.9834
NIFTY100,NIFTY 100,2025-05-16,126.6597
NIFTY100,NIFTY 100,2025-05-19,127.5667
NIFTY100,NIFTY 100,2025-05-20,128.2507
NIFTY100,NIFTY 100,2025-05-21,127.0104
NIFTY100,NIFTY 100,2025-05-22,126.7165
NIFTY100,NIFTY 100,2025-05-23,125.5843
NIFTY100,NIFTY 100,2025-05-26,125.5353
NIFTY100,NIFTY 100,2025-05-27,126.0473
NIFTY100,NIFTY 100,2025-05-28,125.2126
NIFTY100,NIFTY 100,2025-05-29,123.5795
NIFTY100,NIFTY 100,2025-05-30,124.662
NIFTY100,NIFTY 100,2025-06-02,125.0072
NIFTY100,NIFTY 100,2025-06-03,126.2426
NIFTY100,NIFTY 100,2025-06-04,125.1969
NIFTY100,NIFTY 100,2025-06-05,126.1
NIFTY100,NIFTY 100,2025-06-06,127.8402
NIFTY100,NIFTY 100,2025-06-09,129.549
NIFTY100,NIFTY 100,2025-06-10,129.4136
NIFTY100,NIFTY 100,2025-06-11,129.6814
NIFTY100,NIFTY 100,2025-06-12,129.5931
NIFTY100,NIFTY 100,2025-06-13,130.4756
NIFTY100,NIFTY 100,2025-06-16,131.3975
NIFTY100,NIFTY 100,2025-06-17,131.5138
NIFTY100,NIFTY 100,2025-06-18,130.3941
NIFTY100,NIFTY 100,2025-06-19,131.0639
NIFTY100,NIFTY 100,2025-06-20,130.7056
NIFTY100,NIFTY 100,2025-06-23,131.2817
NIFTY100,NIFTY 100,2025-06-24,131.5483
NIFTY100,NIFTY 100,2025-06-25,132.9787
NIFTY100,NIFTY 100,2025-06-26,134.0046
NIFTY100,NIFTY 100,2025-06-27,133.6546
NIFTY100,NIFTY 100,2025-06-30,134.0006
NIFTY100,NIFTY 100,2025-07-01,135.58
NIFTY100,NIFTY 100,2025-07-02,135.1499
NIFTY100,NIFTY 100,2025-07-03,135.5739
NIFTY100,NIFTY 100,2025-07-04,136.6666
NIFTY100,NIFTY 100,2025-07-07,137.8269
NIFTY100,NIFTY 100,2025-07-08,138.3356
NIFTY100,NIFTY 100,2025-07-09,137.1928
NIFTY100,NIFTY 100,2025-07-10,136.1122
NIFTY100,NIFTY 100,2025-07-11,136.3747
NIFTY100,NIFTY 100,2025-07-14,136.7617
NIFTY100,NIFTY 100,2025-07-15,139.0702
NIFTY100,NIFTY 100,2025-07-16,138.3361
NIFTY100,NIFTY 100,2025-07-17,139.4035
NIFTY100,NIFTY 100,2025-07-18,140.1462
NIFTY100,NIFTY 100,2025-07-21,138.6684
NIFTY100,NIFTY 100,2025-07-22,137.9752
NIFTY100,NIFTY 100,2025-07-23,138.1684
NIFTY100,NIFTY 100,2025-07-24,137.7694
NIFTY100,NIFTY 100,2025-07-25,137.6751
NIFTY100,NIFTY 100,2025-07-28,138.1399
NIFTY100,NIFTY 100,2025-07-29,137.4573
NIFTY100,NIFTY 100,2025-07-30,137.918
NIFTY100,NIFTY 100,2025-07-31,137.3917
NIFTY100,NIFTY 100,2025-08-01,136.9493
NIFTY100,NIFTY 100,2025-08-04,137.471
NIFTY100,NIFTY 100,2025-08-05,137.0026
NIFTY100,NIFTY 100,2025-08-06,137.3022
NIFTY100,NIFTY 100,2025-08-07,138.7735
NIFTY100,NIFTY 100,2025-08-08,138.8423
NIFTY100,NIFTY 100,2025-08-11,138.7549
NIFTY100,NIFTY 100,2025-08-12,139.4625
NIFTY100,NIFTY 100,2025-08-13,139.1757
NIFTY100,NIFTY 100,2025-08-14,140.1998
NIFTY100,NIFTY 100,2025-08-15,139.0756
NIFTY100,NIFTY 100,2025-08-18,139.6793
NIFTY100,NIFTY 100,2025-08-19,139.2591
NIFTY100,NIFTY 100,2025-08-20,138.5807
NIFTY100,NIFTY 100,2025-08-21,140.2191
NIFTY100,NIFTY 100,2025-08-22,139.4891
NIFTY100,NIFTY 100,2025-08-25,141.1265
NIFTY100,NIFTY 100,2025-08-26,141.7756
NIFTY100,NIFTY 100,2025-08-27,143.16
NIFTY100,NIFTY 100,2025-08-28,142.2969
NIFTY100,NIFTY 100,2025-08-29,143.4513
NIFTY100,NIFTY 100,2025-09-01,144.8556
NIFTY100,NIFTY 100,2025-09-02,144.7923
NIFTY100,NIFTY 100,2025-09-03,144.7172
NIFTY100,NIFTY 100,2025-09-04,147.0738
NIFTY100,NIFTY 100,2025-09-05,147.2905
NIFTY100,NIFTY 100,2025-09-08,146.933
NIFTY100,NIFTY 100,2025-09-09,146.3784
NIFTY100,NIFTY 100,2025-09-10,146.8495
NIFTY100,NIFTY 100,2025-09-11,147.2119
NIFTY100,NIFTY 100,2025-09-12,147.4289
NIFTY100,NIFTY 100,2025-09-15,149.1258
NIFTY100,NIFTY 100,2025-09-16,148.8557
NIFTY100,NIFTY 100,2025-09-17,149.3611
NIFTY100,NIFTY 100,2025-09-18,150.8256
NIFTY100,NIFTY 100,2025-09-19,149.8896
NIFTY100,NIFTY 100,2025-09-22,150.9495
NIFTY100,NIFTY 100,2025-09-23,152.7954
NIFTY100,NIFTY 100,2025-09-24,151.4988
NIFTY100,NIFTY 100,2025-09-25,150.4665
NIFTY100,NIFTY 100,2025-09-26,149.499
NIFTY100,NIFTY 100,2025-09-29,147.7528
NIFTY100,NIFTY 100,2025-09-30,148.2348
NIFTY100,NIFTY 100,2025-10-01,146.4938
NIFTY100,NIFTY 100,2025-10-02,147.0157
NIFTY100,NIFTY 100,2025-10-03,148.4514
NIFTY100,NIFTY 100,2025-10-06,146.9403
NIFTY100,NIFTY 100,2025-10-07,146.6851
NIFTY100,NIFTY 100,2025-10-08,144.9033
NIFTY100,NIFTY 100,2025-10-09,145.6836
NIFTY100,NIFTY 100,2025-10-10,145.0319
NIFTY100,NIFTY 100,2025-10-13,144.8277
NIFTY100,NIFTY 100,2025-10-14,144.9253
NIFTY100,NIFTY 100,2025-10-15,145.4852
NIFTY100,NIFTY 100,2025-10-16,145.2038
NIFTY100,NIFTY 100,2025-10-17,145.2645
NIFTY100,NIFTY 100,2025-10-20,144.7949
NIFTY100,NIFTY 100,2025-10-21,144.9491
NIFTY100,NIFTY 100,2025-10-22,143.8907
NIFTY100,NIFTY 100,2025-10-23,143.9963
NIFTY100,NIFTY 100,2025-10-24,142.2338
NIFTY100,NIFTY 100,2025-10-27,141.8262
NIFTY100,NIFTY 100,2025-10-28,143.6372
NIFTY100,NIFTY 100,2025-10-29,143.7575
NIFTY100,NIFTY 100,2025-10-30,142.6261
NIFTY100,NIFTY 100,2025-10-31,142.9101
NIFTY100,NIFTY 100,2025-11-03,142.0526
NIFTY100,NIFTY 100,2025-11-04,140.5734
NIFTY100,NIFTY 100,2025-11-05,139.9454
NIFTY100,NIFTY 100,2025-11-06,140.6605
NIFTY100,NIFTY 100,2025-11-07,141.0565
NIFTY100,NIFTY 100,2025-11-10,141.0127
NIFTY100,NIFTY 100,2025-11-11,140.2085
NIFTY100,NIFTY 100,2025-11-12,139.2704
NIFTY100,NIFTY 100,2025-11-13,140.5368
NIFTY100,NIFTY 100,2025-11-14,140.8052
NIFTY100,NIFTY 100,2025-11-17,139.9792
NIFTY100,NIFTY 100,2025-11-18,138.1034
NIFTY100,NIFTY 100,2025-11-19,136.9178
NIFTY100,NIFTY 100,2025-11-20,139.1644
NIFTY100,NIFTY 100,2025-11-21,138.1697
NIFTY100,NIFTY 100,2025-11-24,138.1449
